Workbook

Sheet Cards
A1: Card ID | B1: Player | C1: Season | D1: Team | E1: Position | F1: Jersey Number | G1: PIM* (5-season playoff total) | H1: Card Image URL (.png) | I1: Alt Text (optional) | J1: Image Status | K1: Fights Using Card | L1: Notes
A2: 2021-22_CAR_Steven-Lorentz | B2: Steven Lorentz | C2: 2021-22 | D2: CAR | E2: C | G2: 21 | H2: images/2021-22_CAR_Steven-Lorentz.png | I2: Steven Lorentz | J2: {=IF(H2="","Missing",IF(RIGHT(LOWER(TRIM(H2)),4)=".png","Linked","Check: not a .png link"))} -> Linked | K2: {=COUNTIF('Fight_Cards'!$F$2:$F$30,A2)+COUNTIF('Fight_Cards'!$J$2:$J$30,A2)} -> 1
A3: 2021-22_CGY_Matthew-Tkachuk | B3: Matthew Tkachuk | C3: 2021-22 | D3: CGY | E3: L | G3: 158 | H3: images/2021-22_CGY_Matthew-Tkachuk.png | I3: Matthew Tkachuk | J3: {=IF(H3="","Missing",IF(RIGHT(LOWER(TRIM(H3)),4)=".png","Linked","Check: not a .png link"))} -> Linked | K3: {=COUNTIF('Fight_Cards'!$F$2:$F$30,A3)+COUNTIF('Fight_Cards'!$J$2:$J$30,A3)} -> 2
A4: 2021-22_CGY_Rasmus-Andersson | B4: Rasmus Andersson | C4: 2021-22 | D4: CGY | E4: D | G4: 41 | H4: images/2021-22_CGY_Rasmus-Andersson.png | I4: Rasmus Andersson | J4: {=IF(H4="","Missing",IF(RIGHT(LOWER(TRIM(H4)),4)=".png","Linked","Check: not a .png link"))} -> Linked | K4: {=COUNTIF('Fight_Cards'!$F$2:$F$30,A4)+COUNTIF('Fight_Cards'!$J$2:$J$30,A4)} -> 1
A5: 2021-22_COL_Logan-O-Connor | B5: Logan O'Connor | C5: 2021-22 | D5: COL | E5: R | G5: 31 | H5: images/2021-22_COL_Logan-O-Connor.png | I5: Logan O'Connor | J5: {=IF(H5="","Missing",IF(RIGHT(LOWER(TRIM(H5)),4)=".png","Linked","Check: not a .png link"))} -> Linked | K5: {=COUNTIF('Fight_Cards'!$F$2:$F$30,A5)+COUNTIF('Fight_Cards'!$J$2:$J$30,A5)} -> 1
A6: 2021-22_DAL_John-Klingberg | B6: John Klingberg | C6: 2021-22 | D6: DAL | E6: D | G6: 28 | H6: images/2021-22_DAL_John-Klingberg.png | I6: John Klingberg | J6: {=IF(H6="","Missing",IF(RIGHT(LOWER(TRIM(H6)),4)=".png","Linked","Check: not a .png link"))} -> Linked | K6: {=COUNTIF('Fight_Cards'!$F$2:$F$30,A6)+COUNTIF('Fight_Cards'!$J$2:$J$30,A6)} -> 2
A7: 2021-22_DAL_Michael-Raffl | B7: Michael Raffl | C7: 2021-22 | D7: DAL | E7: L | G7: 19 | H7: images/2021-22_DAL_Michael-Raffl.png | I7: Michael Raffl | J7: {=IF(H7="","Missing",IF(RIGHT(LOWER(TRIM(H7)),4)=".png","Linked","Check: not a .png link"))} -> Linked | K7: {=COUNTIF('Fight_Cards'!$F$2:$F$30,A7)+COUNTIF('Fight_Cards'!$J$2:$J$30,A7)} -> 1
A8: 2021-22_FLA_Aaron-Ekblad | B8: Aaron Ekblad | C8: 2021-22 | D8: FLA | E8: D | G8: 85 | H8: images/2021-22_FLA_Aaron-Ekblad.png | I8: Aaron Ekblad | J8: {=IF(H8="","Missing",IF(RIGHT(LOWER(TRIM(H8)),4)=".png","Linked","Check: not a .png link"))} -> Linked | K8: {=COUNTIF('Fight_Cards'!$F$2:$F$30,A8)+COUNTIF('Fight_Cards'!$J$2:$J$30,A8)} -> 1
A9: 2021-22_NYR_Alexis-Lafreniere | B9: Alexis Lafrenière | C9: 2021-22 | D9: NYR | E9: L | G9: 17 | H9: images/2021-22_NYR_Alexis-Lafreniere.png | I9: Alexis Lafrenière | J9: {=IF(H9="","Missing",IF(RIGHT(LOWER(TRIM(H9)),4)=".png","Linked","Check: not a .png link"))} -> Linked | K9: {=COUNTIF('Fight_Cards'!$F$2:$F$30,A9)+COUNTIF('Fight_Cards'!$J$2:$J$30,A9)} -> 1
A10: 2021-22_NYR_Frank-Vatrano | B10: Frank Vatrano | C10: 2021-22 | D10: NYR | E10: R | G10: 13 | H10: images/2021-22_NYR_Frank-Vatrano.png | I10: Frank Vatrano | J10: {=IF(H10="","Missing",IF(RIGHT(LOWER(TRIM(H10)),4)=".png","Linked","Check: not a .png link"))} -> Linked | K10: {=COUNTIF('Fight_Cards'!$F$2:$F$30,A10)+COUNTIF('Fight_Cards'!$J$2:$J$30,A10)} -> 1
A11: 2021-22_NYR_Jacob-Trouba | B11: Jacob Trouba | C11: 2021-22 | D11: NYR | E11: D | G11: 57 | H11: images/2021-22_NYR_Jacob-Trouba.png | I11: Jacob Trouba | J11: {=IF(H11="","Missing",IF(RIGHT(LOWER(TRIM(H11)),4)=".png","Linked","Check: not a .png link"))} -> Linked | K11: {=COUNTIF('Fight_Cards'!$F$2:$F$30,A11)+COUNTIF('Fight_Cards'!$J$2:$J$30,A11)} -> 1
A12: 2021-22_TBL_Brandon-Hagel | B12: Brandon Hagel | C12: 2021-22 | D12: TBL | E12: L | G12: 45 | H12: images/2021-22_TBL_Brandon-Hagel.png | I12: Brandon Hagel | J12: {=IF(H12="","Missing",IF(RIGHT(LOWER(TRIM(H12)),4)=".png","Linked","Check: not a .png link"))} -> Linked | K12: {=COUNTIF('Fight_Cards'!$F$2:$F$30,A12)+COUNTIF('Fight_Cards'!$J$2:$J$30,A12)} -> 1
A13: 2021-22_TBL_Jan-Rutta | B13: Jan Rutta | C13: 2021-22 | D13: TBL | E13: D | G13: 17 | H13: images/2021-22_TBL_Jan-Rutta.png | I13: Jan Rutta | J13: {=IF(H13="","Missing",IF(RIGHT(LOWER(TRIM(H13)),4)=".png","Linked","Check: not a .png link"))} -> Linked | K13: {=COUNTIF('Fight_Cards'!$F$2:$F$30,A13)+COUNTIF('Fight_Cards'!$J$2:$J$30,A13)} -> 1
... A57: 2025-26_TBL_Brandon-Hagel | B57: Brandon Hagel | C57: 2025-26 | D57: TBL | E57: L | G57: 45 | H57: images/2025-26_TBL_Brandon-Hagel.png | I57: Brandon Hagel | J57: {=IF(H57="","Missing",IF(RIGHT(LOWER(TRIM(H57)),4)=".png","Linked","Check: not a .png link"))} -> Linked | K57: {=COUNTIF('Fight_Cards'!$F$2:$F$30,A57)+COUNTIF('Fight_Cards'!$J$2:$J$30,A57)} -> 1

Sheet Fight_Cards
A1: Fight ID | B1: Season | C1: Date | D1: Player 1 | E1: Team 1 | F1: Card ID 1 | G1: Card 1 Status | H1: Player 2 | I1: Team 2 | J1: Card ID 2 | K1: Card 2 Status | L1: Both Cards Ready?
A2: n265400 | B2: 2021-22 | C2: 44683 | D2: Jan Rutta | E2: TBL | F2: 2021-22_TBL_Jan-Rutta | G2: {=INDEX('Cards'!$J$2:$J$57,MATCH(F2,'Cards'!$A$2:$A$57,0))} -> Linked | H2: Morgan Rielly | I2: TOR | J2: 2021-22_TOR_Morgan-Rielly | K2: {=INDEX('Cards'!$J$2:$J$57,MATCH(J2,'Cards'!$A$2:$A$57,0))} -> Linked | L2: {=IF(AND(G2="Linked",K2="Linked"),"Yes","No")} -> Yes
A3: n265403 | B3: 2021-22 | C3: 44684 | D3: Michael Raffl | E3: DAL | F3: 2021-22_DAL_Michael-Raffl | G3: {=INDEX('Cards'!$J$2:$J$57,MATCH(F3,'Cards'!$A$2:$A$57,0))} -> Linked | H3: Matthew Tkachuk | I3: CGY | J3: 2021-22_CGY_Matthew-Tkachuk | K3: {=INDEX('Cards'!$J$2:$J$57,MATCH(J3,'Cards'!$A$2:$A$57,0))} -> Linked | L3: {=IF(AND(G3="Linked",K3="Linked"),"Yes","No")} -> Yes
A4: n265404 | B4: 2021-22 | C4: 44684 | D4: John Klingberg | E4: DAL | F4: 2021-22_DAL_John-Klingberg | G4: {=INDEX('Cards'!$J$2:$J$57,MATCH(F4,'Cards'!$A$2:$A$57,0))} -> Linked | H4: Rasmus Andersson | I4: CGY | J4: 2021-22_CGY_Rasmus-Andersson | K4: {=INDEX('Cards'!$J$2:$J$57,MATCH(J4,'Cards'!$A$2:$A$57,0))} -> Linked | L4: {=IF(AND(G4="Linked",K4="Linked"),"Yes","No")} -> Yes
A5: n265410 | B5: 2021-22 | C5: 44688 | D5: Matthew Tkachuk | E5: CGY | F5: 2021-22_CGY_Matthew-Tkachuk | G5: {=INDEX('Cards'!$J$2:$J$57,MATCH(F5,'Cards'!$A$2:$A$57,0))} -> Linked | H5: John Klingberg | I5: DAL | J5: 2021-22_DAL_John-Klingberg | K5: {=INDEX('Cards'!$J$2:$J$57,MATCH(J5,'Cards'!$A$2:$A$57,0))} -> Linked | L5: {=IF(AND(G5="Linked",K5="Linked"),"Yes","No")} -> Yes
A6: n265416 | B6: 2021-22 | C6: 44692 | D6: Anthony Mantha | E6: WSH | F6: 2021-22_WSH_Anthony-Mantha | G6: {=INDEX('Cards'!$J$2:$J$57,MATCH(F6,'Cards'!$A$2:$A$57,0))} -> Linked | H6: Aaron Ekblad | I6: FLA | J6: 2021-22_FLA_Aaron-Ekblad | K6: {=INDEX('Cards'!$J$2:$J$57,MATCH(J6,'Cards'!$A$2:$A$57,0))} -> Linked | L6: {=IF(AND(G6="Linked",K6="Linked"),"Yes","No")} -> Yes
A7: n265426 | B7: 2021-22 | C7: 44705 | D7: Steven Lorentz | E7: CAR | F7: 2021-22_CAR_Steven-Lorentz | G7: {=INDEX('Cards'!$J$2:$J$57,MATCH(F7,'Cards'!$A$2:$A$57,0))} -> Linked | H7: Jacob Trouba | I7: NYR | J7: 2021-22_NYR_Jacob-Trouba | K7: {=INDEX('Cards'!$J$2:$J$57,MATCH(J7,'Cards'!$A$2:$A$57,0))} -> Linked | L7: {=IF(AND(G7="Linked",K7="Linked"),"Yes","No")} -> Yes
A8: n265432 | B8: 2021-22 | C8: 44719 | D8: Frank Vatrano | E8: NYR | F8: 2021-22_NYR_Frank-Vatrano | G8: {=INDEX('Cards'!$J$2:$J$57,MATCH(F8,'Cards'!$A$2:$A$57,0))} -> Linked | H8: Brandon Hagel | I8: TBL | J8: 2021-22_TBL_Brandon-Hagel | K8: {=INDEX('Cards'!$J$2:$J$57,MATCH(J8,'Cards'!$A$2:$A$57,0))} -> Linked | L8: {=IF(AND(G8="Linked",K8="Linked"),"Yes","No")} -> Yes
A9: n265434 | B9: 2021-22 | C9: 44721 | D9: Steven Stamkos | E9: TBL | F9: 2021-22_TBL_Steven-Stamkos | G9: {=INDEX('Cards'!$J$2:$J$57,MATCH(F9,'Cards'!$A$2:$A$57,0))} -> Linked | H9: Alexis Lafrenière | I9: NYR | J9: 2021-22_NYR_Alexis-Lafreniere | K9: {=INDEX('Cards'!$J$2:$J$57,MATCH(J9,'Cards'!$A$2:$A$57,0))} -> Linked | L9: {=IF(AND(G9="Linked",K9="Linked"),"Yes","No")} -> Yes
A10: n265438 | B10: 2021-22 | C10: 44732 | D10: Logan O'Connor | E10: COL | F10: 2021-22_COL_Logan-O-Connor | G10: {=INDEX('Cards'!$J$2:$J$57,MATCH(F10,'Cards'!$A$2:$A$57,0))} -> Linked | H10: Ross Colton | I10: TBL | J10: 2021-22_TBL_Ross-Colton | K10: {=INDEX('Cards'!$J$2:$J$57,MATCH(J10,'Cards'!$A$2:$A$57,0))} -> Linked | L10: {=IF(AND(G10="Linked",K10="Linked"),"Yes","No")} -> Yes
A11: n267508 | B11: 2022-23 | C11: 45036 | D11: Braden Schneider | E11: NYR | F11: 2022-23_NYR_Braden-Schneider | G11: {=INDEX('Cards'!$J$2:$J$57,MATCH(F11,'Cards'!$A$2:$A$57,0))} -> Linked | H11: Michael McLeod | I11: NJD | J11: 2022-23_NJD_Michael-McLeod | K11: {=INDEX('Cards'!$J$2:$J$57,MATCH(J11,'Cards'!$A$2:$A$57,0))} -> Linked | L11: {=IF(AND(G11="Linked",K11="Linked"),"Yes","No")} -> Yes
A12: n267511 | B12: 2022-23 | C12: 45038 | D12: Ryan O'Reilly | E12: TOR | F12: 2022-23_TOR_Ryan-O-Reilly | G12: {=INDEX('Cards'!$J$2:$J$57,MATCH(F12,'Cards'!$A$2:$A$57,0))} -> Linked | H12: Nikita Kucherov | I12: TBL | J12: 2022-23_TBL_Nikita-Kucherov | K12: {=INDEX('Cards'!$J$2:$J$57,MATCH(J12,'Cards'!$A$2:$A$57,0))} -> Linked | L12: {=IF(AND(G12="Linked",K12="Linked"),"Yes","No")} -> Yes
A13: n267510 | B13: 2022-23 | C13: 45038 | D13: Auston Matthews | E13: TOR | F13: 2022-23_TOR_Auston-Matthews | G13: {=INDEX('Cards'!$J$2:$J$57,MATCH(F13,'Cards'!$A$2:$A$57,0))} -> Linked | H13: Steven Stamkos | I13: TBL | J13: 2022-23_TBL_Steven-Stamkos | K13: {=INDEX('Cards'!$J$2:$J$57,MATCH(J13,'Cards'!$A$2:$A$57,0))} -> Linked | L13: {=IF(AND(G13="Linked",K13="Linked"),"Yes","No")} -> Yes
... A30: n273553 | B30: 2025-26 | C30: 46136 | D30: Vasily Podkolzin | E30: EDM | F30: 2025-26_EDM_Vasily-Podkolzin | G30: {=INDEX('Cards'!$J$2:$J$57,MATCH(F30,'Cards'!$A$2:$A$57,0))} -> Linked | H30: Jeff Viel | I30: ANA | J30: 2025-26_ANA_Jeff-Viel | K30: {=INDEX('Cards'!$J$2:$J$57,MATCH(J30,'Cards'!$A$2:$A$57,0))} -> Linked | L30: {=IF(AND(G30="Linked",K30="Linked"),"Yes","No")} -> Yes

Sheet Notes
A1: How to use
A2: 1. On the Cards sheet, paste a link to each trading card PNG in column H and the jersey number in column F (yellow cells, blue text).
A3: 2. A link can be a full https address or a path inside your GitHub repo, for example cards/2021-22_TBL_Steven-Stamkos.png. Hosting the PNGs in the repo is the most reliable.
A4: 3. Image Status turns green when a .png link is present. It checks the link text only; open the page to confirm the image loads.
A5: 4. Run sheet_to_cards_json.py on this file to produce cards.json, then upload cards.json next to index.html.
A7: Definitions
A8: *PIM = the player's total playoff penalty minutes across the five postseasons, 2021-22 to 2025-26. It is not the minutes from any single fight.
A9: One card per player per season and team, because a card shows the team the player fought for. Pre-filled columns (Player, Season, Team, Position, PIM) come from the project spreadsheets.
A10: The 3 uncollected 2022-23 fights have no rows yet. Add them here once collected.
A12: Progress
A13: Cards total | B13: {=COUNTA('Cards'!A2:A57)} -> 56
A14: Cards linked | B14: {=COUNTIF('Cards'!J2:J57,"Linked")} -> 56
A15: Cards missing | B15: {=COUNTIF('Cards'!J2:J57,"Missing")} -> 0
A16: Fights with both cards ready | B16: {=COUNTIF('Fight_Cards'!L2:L30,"Yes")} -> 29
